file,genre,bpm,score_rythme,score_musicalite,commentaire,version,score_rythme_alt,score_musicalite_alt
ambient/133821_Auction_Ambience_2.mp3,,112,,,,,,
audio_degraded/ambient_133821_Auction_Ambience_2__degraded_rhythm.wav,,112,,,,degraded_rhythm,0,
audio_degraded/ambient_133821_Auction_Ambience_2__degraded_musicality.wav,,112,,,,degraded_musicality,,0
ambient/274550_Zoo_Ambience_Animals_Voices_Int.mp3,,110,,,,,,
audio_degraded/ambient_274550_Zoo_Ambience_Animals_Voices_Int__degraded_rhythm.wav,,110,,,,degraded_rhythm,0,
audio_degraded/ambient_274550_Zoo_Ambience_Animals_Voices_Int__degraded_musicality.wav,,110,,,,degraded_musicality,,0
ambient/327691_ambience_hydroelectric_power_station_Donau_Greifenstein.mp3,,100,,,,,,
audio_degraded/ambient_327691_ambience_hydroelectric_power_station_Donau_Greifenstein__degraded_rhythm.wav,,100,,,,degraded_rhythm,0,
audio_degraded/ambient_327691_ambience_hydroelectric_power_station_Donau_Greifenstein__degraded_musicality.wav,,100,,,,degraded_musicality,,0
"ambient/347829_Mayakovsky_theatre_main_stage_musicians_rehearsal,_ambience,_stage_workers_XY_mics.mp3",,122,,,,,,
audio_degraded/ambient_347829_Mayakovsky_theatre_main_stage_musicians_rehearsal__ambience__stage_workers_XY_mics__degraded_rhythm.wav,,122,,,,degraded_rhythm,0,
audio_degraded/ambient_347829_Mayakovsky_theatre_main_stage_musicians_rehearsal__ambience__stage_workers_XY_mics__degraded_musicality.wav,,122,,,,degraded_musicality,,0
ambient/400913_Sound_of_the_city.mp3.mp3,,125,,,,,,
audio_degraded/ambient_400913_Sound_of_the_city.mp3__degraded_rhythm.wav,,125,,,,degraded_rhythm,0,
audio_degraded/ambient_400913_Sound_of_the_city.mp3__degraded_musicality.wav,,125,,,,degraded_musicality,,0
"ambient/532227_Park_Ambience,_A.mp3",,102,,,,,,
audio_degraded/ambient_532227_Park_Ambience__A__degraded_rhythm.wav,,102,,,,degraded_rhythm,0,
audio_degraded/ambient_532227_Park_Ambience__A__degraded_musicality.wav,,102,,,,degraded_musicality,,0
ambient/610770_Mexico_City_Metro_Ambient_Sounds.mp3.mp3,,120,,,,,,
audio_degraded/ambient_610770_Mexico_City_Metro_Ambient_Sounds.mp3__degraded_rhythm.wav,,120,,,,degraded_rhythm,0,
audio_degraded/ambient_610770_Mexico_City_Metro_Ambient_Sounds.mp3__degraded_musicality.wav,,120,,,,degraded_musicality,,0
ambient/613628_Chimborazo_Volcano_First_Base_Camp_Mountain_Outdoor_Cold_Ambience.mp3,,131,,,,,,
audio_degraded/ambient_613628_Chimborazo_Volcano_First_Base_Camp_Mountain_Outdoor_Cold_Ambience__degraded_rhythm.wav,,131,,,,degraded_rhythm,0,
audio_degraded/ambient_613628_Chimborazo_Volcano_First_Base_Camp_Mountain_Outdoor_Cold_Ambience__degraded_musicality.wav,,131,,,,degraded_musicality,,0
ambient/622105_Mexico_City_street_sounds.m4a.mp3,,99,,,,,,
audio_degraded/ambient_622105_Mexico_City_street_sounds.m4a__degraded_rhythm.wav,,99,,,,degraded_rhythm,0,
audio_degraded/ambient_622105_Mexico_City_street_sounds.m4a__degraded_musicality.wav,,99,,,,degraded_musicality,,0
ambient/622735_AMBCnst_Long_ambience_jackhammer_on_street_recorded_from_5th_floor_balcony_in_Sao_Paulo_Brazil.mp3,,131,,,,,,
audio_degraded/ambient_622735_AMBCnst_Long_ambience_jackhammer_on_street_recorded_from_5th_floor_balcony_in_Sao_Paulo_Brazil__degraded_rhythm.wav,,131,,,,degraded_rhythm,0,
audio_degraded/ambient_622735_AMBCnst_Long_ambience_jackhammer_on_street_recorded_from_5th_floor_balcony_in_Sao_Paulo_Brazil__degraded_musicality.wav,,131,,,,degraded_musicality,,0
ambient/622736_AMBCnst_Ambience_jackhammer_on_street_recorded_from_5th_floor_balcony_in_Sao_Paulo_Brazil.mp3,,131,,,,,,
audio_degraded/ambient_622736_AMBCnst_Ambience_jackhammer_on_street_recorded_from_5th_floor_balcony_in_Sao_Paulo_Brazil__degraded_rhythm.wav,,131,,,,degraded_rhythm,0,
audio_degraded/ambient_622736_AMBCnst_Ambience_jackhammer_on_street_recorded_from_5th_floor_balcony_in_Sao_Paulo_Brazil__degraded_musicality.wav,,131,,,,degraded_musicality,,0
ambient/632095_Ambience_shutting_down.mp3,,134,,,,,,
audio_degraded/ambient_632095_Ambience_shutting_down__degraded_rhythm.wav,,134,,,,degraded_rhythm,0,
audio_degraded/ambient_632095_Ambience_shutting_down__degraded_musicality.wav,,134,,,,degraded_musicality,,0
ambient/637292_Colombian_Airport_Ambience_FormatA.mp3,,112,,,,,,
audio_degraded/ambient_637292_Colombian_Airport_Ambience_FormatA__degraded_rhythm.wav,,112,,,,degraded_rhythm,0,
audio_degraded/ambient_637292_Colombian_Airport_Ambience_FormatA__degraded_musicality.wav,,112,,,,degraded_musicality,,0
ambient/726427_20240302_-_05_-_H5_-_MSH-6_-_Sounds_of_the_city_park.mp3,,110,,,,,,
audio_degraded/ambient_726427_20240302_-_05_-_H5_-_MSH-6_-_Sounds_of_the_city_park__degraded_rhythm.wav,,110,,,,degraded_rhythm,0,
audio_degraded/ambient_726427_20240302_-_05_-_H5_-_MSH-6_-_Sounds_of_the_city_park__degraded_musicality.wav,,110,,,,degraded_musicality,,0
ambient/737002_large_meadow_with_nature_sounds_and_nearby_city_background_noises.mp3,,112,,,,,,
audio_degraded/ambient_737002_large_meadow_with_nature_sounds_and_nearby_city_background_noises__degraded_rhythm.wav,,112,,,,degraded_rhythm,0,
audio_degraded/ambient_737002_large_meadow_with_nature_sounds_and_nearby_city_background_noises__degraded_musicality.wav,,112,,,,degraded_musicality,,0
drums/457376_kick_13.mp3,,246,,,,,,
audio_degraded/drums_457376_kick_13__degraded_rhythm.wav,,246,,,,degraded_rhythm,0,
audio_degraded/drums_457376_kick_13__degraded_musicality.wav,,246,,,,degraded_musicality,,0
drums/457377_kick_18.mp3,,59,,,,,,
audio_degraded/drums_457377_kick_18__degraded_rhythm.wav,,59,,,,degraded_rhythm,0,
audio_degraded/drums_457377_kick_18__degraded_musicality.wav,,59,,,,degraded_musicality,,0
drums/457378_kick_17.mp3,,133,,,,,,
audio_degraded/drums_457378_kick_17__degraded_rhythm.wav,,133,,,,degraded_rhythm,0,
audio_degraded/drums_457378_kick_17__degraded_musicality.wav,,133,,,,degraded_musicality,,0
drums/457379_kick_2.mp3,,136,,,,,,
audio_degraded/drums_457379_kick_2__degraded_rhythm.wav,,136,,,,degraded_rhythm,0,
audio_degraded/drums_457379_kick_2__degraded_musicality.wav,,136,,,,degraded_musicality,,0
drums/457380_kick_8.mp3,,129,,,,,,
audio_degraded/drums_457380_kick_8__degraded_rhythm.wav,,129,,,,degraded_rhythm,0,
audio_degraded/drums_457380_kick_8__degraded_musicality.wav,,129,,,,degraded_musicality,,0
drums/760528_192_BPM_Industrial_Drum_Loop_#6431_(WAV).mp3,electronic,96,90,50,Drums,,,
audio_degraded/drums_760528_192_BPM_Industrial_Drum_Loop__6431__WAV___degraded_rhythm.wav,electronic,96,90,50,Drums,degraded_rhythm,63,50
audio_degraded/drums_760528_192_BPM_Industrial_Drum_Loop__6431__WAV___degraded_musicality.wav,electronic,96,90,50,Drums,degraded_musicality,90,35
drums/760540_209_BPM_Industrial_Drum_Loop_#6437_(WAV).mp3,electronic,52,90,50,Bruh,,,
audio_degraded/drums_760540_209_BPM_Industrial_Drum_Loop__6437__WAV___degraded_rhythm.wav,electronic,52,90,50,Bruh,degraded_rhythm,63,50
audio_degraded/drums_760540_209_BPM_Industrial_Drum_Loop__6437__WAV___degraded_musicality.wav,electronic,52,90,50,Bruh,degraded_musicality,90,35
drums/760546_128_BPM_Industrial_Drum_Loop_#6440_(WAV).mp3,electronic,126,60,40,Wesh,,,
audio_degraded/drums_760546_128_BPM_Industrial_Drum_Loop__6440__WAV___degraded_rhythm.wav,electronic,126,60,40,Wesh,degraded_rhythm,42,40
audio_degraded/drums_760546_128_BPM_Industrial_Drum_Loop__6440__WAV___degraded_musicality.wav,electronic,126,60,40,Wesh,degraded_musicality,60,28
drums/760553_96_BPM_Industrial_Drum_Loop_#6444_(WAV).mp3,electronic,96,90,50,Bien mais wtf,,,
audio_degraded/drums_760553_96_BPM_Industrial_Drum_Loop__6444__WAV___degraded_rhythm.wav,electronic,96,90,50,Bien mais wtf,degraded_rhythm,63,50
audio_degraded/drums_760553_96_BPM_Industrial_Drum_Loop__6444__WAV___degraded_musicality.wav,electronic,96,90,50,Bien mais wtf,degraded_musicality,90,35
drums/760573_128_BPM_Industrial_Drum_Loop_#6448_(WAV).mp3,electronic,85,80,80,Bien ouej,,,
audio_degraded/drums_760573_128_BPM_Industrial_Drum_Loop__6448__WAV___degraded_rhythm.wav,electronic,85,80,80,Bien ouej,degraded_rhythm,56,80
audio_degraded/drums_760573_128_BPM_Industrial_Drum_Loop__6448__WAV___degraded_musicality.wav,electronic,85,80,80,Bien ouej,degraded_musicality,80,56
drums/760581_137_BPM_Industrial_Drum_Loop_#6450_(WAV).mp3,electronic,46,80,50,Ouaip,,,
audio_degraded/drums_760581_137_BPM_Industrial_Drum_Loop__6450__WAV___degraded_rhythm.wav,electronic,46,80,50,Ouaip,degraded_rhythm,56,50
audio_degraded/drums_760581_137_BPM_Industrial_Drum_Loop__6450__WAV___degraded_musicality.wav,electronic,46,80,50,Ouaip,degraded_musicality,80,35
drums/760587_121_BPM_Industrial_Drum_Loop_#6452_(WAV).mp3,electronic,98,80,80,Ouaippp,,,
audio_degraded/drums_760587_121_BPM_Industrial_Drum_Loop__6452__WAV___degraded_rhythm.wav,electronic,98,80,80,Ouaippp,degraded_rhythm,56,80
audio_degraded/drums_760587_121_BPM_Industrial_Drum_Loop__6452__WAV___degraded_musicality.wav,electronic,98,80,80,Ouaippp,degraded_musicality,80,56
drums/760601_107_BPM_Industrial_Drum_Loop_#6457_(WAV).mp3,ambient,105,0,0,Poulolo,,,
audio_degraded/drums_760601_107_BPM_Industrial_Drum_Loop__6457__WAV___degraded_rhythm.wav,ambient,105,0,0,Poulolo,degraded_rhythm,0,0
audio_degraded/drums_760601_107_BPM_Industrial_Drum_Loop__6457__WAV___degraded_musicality.wav,ambient,105,0,0,Poulolo,degraded_musicality,0,0
drums/760617_192_BPM_Industrial_Drum_Loop_#6461_(WAV).mp3,electronic,191,90,90,Ouahh,,,
audio_degraded/drums_760617_192_BPM_Industrial_Drum_Loop__6461__WAV___degraded_rhythm.wav,electronic,191,90,90,Ouahh,degraded_rhythm,63,90
audio_degraded/drums_760617_192_BPM_Industrial_Drum_Loop__6461__WAV___degraded_musicality.wav,electronic,191,90,90,Ouahh,degraded_musicality,90,63
drums/760618_232_BPM_Industrial_Drum_Loop_#6462_(WAV).mp3,electronic,117,90,60,Mougou,,,
audio_degraded/drums_760618_232_BPM_Industrial_Drum_Loop__6462__WAV___degraded_rhythm.wav,electronic,117,90,60,Mougou,degraded_rhythm,63,60
audio_degraded/drums_760618_232_BPM_Industrial_Drum_Loop__6462__WAV___degraded_musicality.wav,electronic,117,90,60,Mougou,degraded_musicality,90,42
guitar/121213_Bare_Sweep.mp3,pop,148,100,80,Mechanical,,,
audio_degraded/guitar_121213_Bare_Sweep__degraded_rhythm.wav,pop,148,100,80,Mechanical,degraded_rhythm,70,80
audio_degraded/guitar_121213_Bare_Sweep__degraded_musicality.wav,pop,148,100,80,Mechanical,degraded_musicality,100,56
guitar/130466_Electric_Guitar_4.mp3,rock,115,60,60,Psychedelic,,,
audio_degraded/guitar_130466_Electric_Guitar_4__degraded_rhythm.wav,rock,115,60,60,Psychedelic,degraded_rhythm,42,60
audio_degraded/guitar_130466_Electric_Guitar_4__degraded_musicality.wav,rock,115,60,60,Psychedelic,degraded_musicality,60,42
guitar/130467_Electric_Guitar_3.mp3,rock,161,50,60,Again,,,
audio_degraded/guitar_130467_Electric_Guitar_3__degraded_rhythm.wav,rock,161,50,60,Again,degraded_rhythm,35,60
audio_degraded/guitar_130467_Electric_Guitar_3__degraded_musicality.wav,rock,161,50,60,Again,degraded_musicality,50,42
guitar/130468_Electric_Guitar_2.mp3,rock,105,80,80,Damn,,,
audio_degraded/guitar_130468_Electric_Guitar_2__degraded_rhythm.wav,rock,105,80,80,Damn,degraded_rhythm,56,80
audio_degraded/guitar_130468_Electric_Guitar_2__degraded_musicality.wav,rock,105,80,80,Damn,degraded_musicality,80,56
guitar/130469_Electric_Guitar_1.mp3,rock,112,80,80,Simple,,,
audio_degraded/guitar_130469_Electric_Guitar_1__degraded_rhythm.wav,rock,112,80,80,Simple,degraded_rhythm,56,80
audio_degraded/guitar_130469_Electric_Guitar_1__degraded_musicality.wav,rock,112,80,80,Simple,degraded_musicality,80,56
guitar/130470_Electric_Guitar_7.mp3,electronic,148,60,80,Electro,,,
audio_degraded/guitar_130470_Electric_Guitar_7__degraded_rhythm.wav,electronic,148,60,80,Electro,degraded_rhythm,42,80
audio_degraded/guitar_130470_Electric_Guitar_7__degraded_musicality.wav,electronic,148,60,80,Electro,degraded_musicality,60,56
guitar/130471_Electric_Guitar_6.mp3,electronic,140,60,80,Electro,,,
audio_degraded/guitar_130471_Electric_Guitar_6__degraded_rhythm.wav,electronic,140,60,80,Electro,degraded_rhythm,42,80
audio_degraded/guitar_130471_Electric_Guitar_6__degraded_musicality.wav,electronic,140,60,80,Electro,degraded_musicality,60,56
guitar/130475_Time-Stretched_Electric_Guitar_1.mp3,electronic,136,30,50,Wtf,,,
audio_degraded/guitar_130475_Time-Stretched_Electric_Guitar_1__degraded_rhythm.wav,electronic,136,30,50,Wtf,degraded_rhythm,21,50
audio_degraded/guitar_130475_Time-Stretched_Electric_Guitar_1__degraded_musicality.wav,electronic,136,30,50,Wtf,degraded_musicality,30,35
guitar/130481_Time-Stretched_Electric_Guitar_6.mp3,electronic,161,40,50,Yooo,,,
audio_degraded/guitar_130481_Time-Stretched_Electric_Guitar_6__degraded_rhythm.wav,electronic,161,40,50,Yooo,degraded_rhythm,28,50
audio_degraded/guitar_130481_Time-Stretched_Electric_Guitar_6__degraded_musicality.wav,electronic,161,40,50,Yooo,degraded_musicality,40,35
guitar/130482_Time-Stretched_Electric_Guitar_7.mp3,electronic,161,40,50,Wtf,,,
audio_degraded/guitar_130482_Time-Stretched_Electric_Guitar_7__degraded_rhythm.wav,electronic,161,40,50,Wtf,degraded_rhythm,28,50
audio_degraded/guitar_130482_Time-Stretched_Electric_Guitar_7__degraded_musicality.wav,electronic,161,40,50,Wtf,degraded_musicality,40,35
guitar/146277_Primitive_Pedal.mp3,pop,136,80,80,Bonne,,,
audio_degraded/guitar_146277_Primitive_Pedal__degraded_rhythm.wav,pop,136,80,80,Bonne,degraded_rhythm,56,80
audio_degraded/guitar_146277_Primitive_Pedal__degraded_musicality.wav,pop,136,80,80,Bonne,degraded_musicality,80,56
guitar/16188_wah_two_electric_guitar.mp3,pop,15,70,90,Damn,,,
audio_degraded/guitar_16188_wah_two_electric_guitar__degraded_rhythm.wav,pop,15,70,90,Damn,degraded_rhythm,49,90
audio_degraded/guitar_16188_wah_two_electric_guitar__degraded_musicality.wav,pop,15,70,90,Damn,degraded_musicality,70,63
guitar/167412_OpenG.mp3,simple_note,120,100,100,G,,,
audio_degraded/guitar_167412_OpenG__degraded_rhythm.wav,simple_note,120,100,100,G,degraded_rhythm,70,100
audio_degraded/guitar_167412_OpenG__degraded_musicality.wav,simple_note,120,100,100,G,degraded_musicality,100,70
guitar/167414_OpenB.mp3,simple_note,120,100,100,B,,,
audio_degraded/guitar_167414_OpenB__degraded_rhythm.wav,simple_note,120,100,100,B,degraded_rhythm,70,100
audio_degraded/guitar_167414_OpenB__degraded_musicality.wav,simple_note,120,100,100,B,degraded_musicality,100,70
guitar/167417_HighE.mp3,simple_note,120,100,100,E,,,
audio_degraded/guitar_167417_HighE__degraded_rhythm.wav,simple_note,120,100,100,E,degraded_rhythm,70,100
audio_degraded/guitar_167417_HighE__degraded_musicality.wav,simple_note,120,100,100,E,degraded_musicality,100,70
guitar/167418_D.mp3,simple_note,120,100,100,D,,,
audio_degraded/guitar_167418_D__degraded_rhythm.wav,simple_note,120,100,100,D,degraded_rhythm,70,100
audio_degraded/guitar_167418_D__degraded_musicality.wav,simple_note,120,100,100,D,degraded_musicality,100,70
guitar/167471_HighF.mp3,simple_note,120,100,100,F,,,
audio_degraded/guitar_167471_HighF__degraded_rhythm.wav,simple_note,120,100,100,F,degraded_rhythm,70,100
audio_degraded/guitar_167471_HighF__degraded_musicality.wav,simple_note,120,100,100,F,degraded_musicality,100,70
guitar/248175_E_string_01.mp3,simple_note,100,100,100,E,,,
audio_degraded/guitar_248175_E_string_01__degraded_rhythm.wav,simple_note,100,100,100,E,degraded_rhythm,70,100
audio_degraded/guitar_248175_E_string_01__degraded_musicality.wav,simple_note,100,100,100,E,degraded_musicality,100,70
guitar/248176_E_String_03.mp3,simple_note,122,100,100,E,,,
audio_degraded/guitar_248176_E_String_03__degraded_rhythm.wav,simple_note,122,100,100,E,degraded_rhythm,70,100
audio_degraded/guitar_248176_E_String_03__degraded_musicality.wav,simple_note,122,100,100,E,degraded_musicality,100,70
guitar/255721_slide_electric_clean_guitar.mp3,rock,108,60,70,Noice,,,
audio_degraded/guitar_255721_slide_electric_clean_guitar__degraded_rhythm.wav,rock,108,60,70,Noice,degraded_rhythm,42,70
audio_degraded/guitar_255721_slide_electric_clean_guitar__degraded_musicality.wav,rock,108,60,70,Noice,degraded_musicality,60,49
guitar/256422_Gibson_E6.mp3,simple_note,136,100,100,E,,,
audio_degraded/guitar_256422_Gibson_E6__degraded_rhythm.wav,simple_note,136,100,100,E,degraded_rhythm,70,100
audio_degraded/guitar_256422_Gibson_E6__degraded_musicality.wav,simple_note,136,100,100,E,degraded_musicality,100,70
guitar/263067_TwilightZoneGuitars.mp3,pop,108,100,50,Dsl,,,
audio_degraded/guitar_263067_TwilightZoneGuitars__degraded_rhythm.wav,pop,108,100,50,Dsl,degraded_rhythm,70,50
audio_degraded/guitar_263067_TwilightZoneGuitars__degraded_musicality.wav,pop,108,100,50,Dsl,degraded_musicality,100,35
guitar/315706_AcousticGuitar-C-Chord.mp3,simple_note,48,100,100,Yes,,,
audio_degraded/guitar_315706_AcousticGuitar-C-Chord__degraded_rhythm.wav,simple_note,48,100,100,Yes,degraded_rhythm,70,100
audio_degraded/guitar_315706_AcousticGuitar-C-Chord__degraded_musicality.wav,simple_note,48,100,100,Yes,degraded_musicality,100,70
guitar/31893_Real-Reggea_Loop_1.mp3,reggea,201,90,90,Noice reggea,,,
audio_degraded/guitar_31893_Real-Reggea_Loop_1__degraded_rhythm.wav,reggea,201,90,90,Noice reggea,degraded_rhythm,63,90
audio_degraded/guitar_31893_Real-Reggea_Loop_1__degraded_musicality.wav,reggea,201,90,90,Noice reggea,degraded_musicality,90,63
guitar/319235_Clean_Electric_Guitar_Loop.mp3,pop,112,50,60,Saccadé,,,
audio_degraded/guitar_319235_Clean_Electric_Guitar_Loop__degraded_rhythm.wav,pop,112,50,60,Saccadé,degraded_rhythm,35,60
audio_degraded/guitar_319235_Clean_Electric_Guitar_Loop__degraded_musicality.wav,pop,112,50,60,Saccadé,degraded_musicality,50,42
guitar/329705_guitar.mp3,rock,102,80,80,Riff,,,
audio_degraded/guitar_329705_guitar__degraded_rhythm.wav,rock,102,80,80,Riff,degraded_rhythm,56,80
audio_degraded/guitar_329705_guitar__degraded_musicality.wav,rock,102,80,80,Riff,degraded_musicality,80,56
guitar/330925_SomeRevelationIntro2.mp3,pop,115,80,80,Noice,,,
audio_degraded/guitar_330925_SomeRevelationIntro2__degraded_rhythm.wav,pop,115,80,80,Noice,degraded_rhythm,56,80
audio_degraded/guitar_330925_SomeRevelationIntro2__degraded_musicality.wav,pop,115,80,80,Noice,degraded_musicality,80,56
guitar/331339_2_Notes_Octave_Guitar.mp3,simple_note,234,100,100,E,,,
audio_degraded/guitar_331339_2_Notes_Octave_Guitar__degraded_rhythm.wav,simple_note,234,100,100,E,degraded_rhythm,70,100
audio_degraded/guitar_331339_2_Notes_Octave_Guitar__degraded_musicality.wav,simple_note,234,100,100,E,degraded_musicality,100,70
guitar/333245_BBKing.mp3,jazz,134,70,90,Jazz,,,
audio_degraded/guitar_333245_BBKing__degraded_rhythm.wav,jazz,134,70,90,Jazz,degraded_rhythm,49,90
audio_degraded/guitar_333245_BBKing__degraded_musicality.wav,jazz,134,70,90,Jazz,degraded_musicality,70,63
guitar/333246_BBKing_II.mp3,jazz,188,80,100,Jazz,,,
audio_degraded/guitar_333246_BBKing_II__degraded_rhythm.wav,jazz,188,80,100,Jazz,degraded_rhythm,56,100
audio_degraded/guitar_333246_BBKing_II__degraded_musicality.wav,jazz,188,80,100,Jazz,degraded_musicality,80,70
guitar/333247_Les_Paul.mp3,jazz,49,75,90,Ouahhh,,,
audio_degraded/guitar_333247_Les_Paul__degraded_rhythm.wav,jazz,49,75,90,Ouahhh,degraded_rhythm,52,90
audio_degraded/guitar_333247_Les_Paul__degraded_musicality.wav,jazz,49,75,90,Ouahhh,degraded_musicality,75,63
guitar/335158_GTR_RIFF_4_JeffGreer_100bpm.mp3,rock,100,90,90,Riff,,,
audio_degraded/guitar_335158_GTR_RIFF_4_JeffGreer_100bpm__degraded_rhythm.wav,rock,100,90,90,Riff,degraded_rhythm,63,90
audio_degraded/guitar_335158_GTR_RIFF_4_JeffGreer_100bpm__degraded_musicality.wav,rock,100,90,90,Riff,degraded_musicality,90,63
guitar/335159_GTR_RIFF_3_JeffGreer_100bpm.mp3,jazz,134,90,90,Funk,,,
audio_degraded/guitar_335159_GTR_RIFF_3_JeffGreer_100bpm__degraded_rhythm.wav,jazz,134,90,90,Funk,degraded_rhythm,63,90
audio_degraded/guitar_335159_GTR_RIFF_3_JeffGreer_100bpm__degraded_musicality.wav,jazz,134,90,90,Funk,degraded_musicality,90,63
guitar/351175_Bb_110BPM_raw.mp3,pop,157,50,70,Frappe,,,
audio_degraded/guitar_351175_Bb_110BPM_raw__degraded_rhythm.wav,pop,157,50,70,Frappe,degraded_rhythm,35,70
audio_degraded/guitar_351175_Bb_110BPM_raw__degraded_musicality.wav,pop,157,50,70,Frappe,degraded_musicality,50,49
guitar/351177_Bb_110BPM_amp.mp3,pop,157,50,80,Mauvais rythme,,,
audio_degraded/guitar_351177_Bb_110BPM_amp__degraded_rhythm.wav,pop,157,50,80,Mauvais rythme,degraded_rhythm,35,80
audio_degraded/guitar_351177_Bb_110BPM_amp__degraded_musicality.wav,pop,157,50,80,Mauvais rythme,degraded_musicality,50,56
guitar/368313_clean-guitar-lick.mp3,pop,110,80,80,Riff,,,
audio_degraded/guitar_368313_clean-guitar-lick__degraded_rhythm.wav,pop,110,80,80,Riff,degraded_rhythm,56,80
audio_degraded/guitar_368313_clean-guitar-lick__degraded_musicality.wav,pop,110,80,80,Riff,degraded_musicality,80,56
guitar/423198_Brylie_Christopher_Oxley_-_Guitar-2018-03-22_(Erokia_Remix_1).mp3,pop,88,30,40,Wut?,,,
audio_degraded/guitar_423198_Brylie_Christopher_Oxley_-_Guitar-2018-03-22__Erokia_Remix_1___degraded_rhythm.wav,pop,88,30,40,Wut?,degraded_rhythm,21,40
audio_degraded/guitar_423198_Brylie_Christopher_Oxley_-_Guitar-2018-03-22__Erokia_Remix_1___degraded_musicality.wav,pop,88,30,40,Wut?,degraded_musicality,30,28
guitar/435638_Short_Weird_Guitar_Riff.mp3,pop,108,60,70,Bien ouej,,,
audio_degraded/guitar_435638_Short_Weird_Guitar_Riff__degraded_rhythm.wav,pop,108,60,70,Bien ouej,degraded_rhythm,42,70
audio_degraded/guitar_435638_Short_Weird_Guitar_Riff__degraded_musicality.wav,pop,108,60,70,Bien ouej,degraded_musicality,60,49
guitar/452846_Clean_D_Chord.mp3,simple_note,120,100,100,D,,,
audio_degraded/guitar_452846_Clean_D_Chord__degraded_rhythm.wav,simple_note,120,100,100,D,degraded_rhythm,70,100
audio_degraded/guitar_452846_Clean_D_Chord__degraded_musicality.wav,simple_note,120,100,100,D,degraded_musicality,100,70
guitar/47845_A#_Maj.mp3,pop,60,100,100,Pop,,,
audio_degraded/guitar_47845_A__Maj__degraded_rhythm.wav,pop,60,100,100,Pop,degraded_rhythm,70,100
audio_degraded/guitar_47845_A__Maj__degraded_musicality.wav,pop,60,100,100,Pop,degraded_musicality,100,70
guitar/47846_A_Maj.mp3,pop,80,100,100,Pop,,,
audio_degraded/guitar_47846_A_Maj__degraded_rhythm.wav,pop,80,100,100,Pop,degraded_rhythm,70,100
audio_degraded/guitar_47846_A_Maj__degraded_musicality.wav,pop,80,100,100,Pop,degraded_musicality,100,70
guitar/47847_B_Maj.mp3,pop,80,100,100,Pop B,,,
audio_degraded/guitar_47847_B_Maj__degraded_rhythm.wav,pop,80,100,100,Pop B,degraded_rhythm,70,100
audio_degraded/guitar_47847_B_Maj__degraded_musicality.wav,pop,80,100,100,Pop B,degraded_musicality,100,70
guitar/47848_C#_Maj.mp3,pop,122,100,100,Pop C,,,
audio_degraded/guitar_47848_C__Maj__degraded_rhythm.wav,pop,122,100,100,Pop C,degraded_rhythm,70,100
audio_degraded/guitar_47848_C__Maj__degraded_musicality.wav,pop,122,100,100,Pop C,degraded_musicality,100,70
guitar/47849_C_Maj.mp3,pop,122,100,100,Pop C,,,
audio_degraded/guitar_47849_C_Maj__degraded_rhythm.wav,pop,122,100,100,Pop C,degraded_rhythm,70,100
audio_degraded/guitar_47849_C_Maj__degraded_musicality.wav,pop,122,100,100,Pop C,degraded_musicality,100,70
guitar/47850_D#_Maj.mp3,pop,122,100,100,Pop D,,,
audio_degraded/guitar_47850_D__Maj__degraded_rhythm.wav,pop,122,100,100,Pop D,degraded_rhythm,70,100
audio_degraded/guitar_47850_D__Maj__degraded_musicality.wav,pop,122,100,100,Pop D,degraded_musicality,100,70
guitar/47851_D_Maj.mp3,pop,80,100,100,Pop D,,,
audio_degraded/guitar_47851_D_Maj__degraded_rhythm.wav,pop,80,100,100,Pop D,degraded_rhythm,70,100
audio_degraded/guitar_47851_D_Maj__degraded_musicality.wav,pop,80,100,100,Pop D,degraded_musicality,100,70
guitar/47852_E_Maj.mp3,pop,80,100,100,Pop E,,,
audio_degraded/guitar_47852_E_Maj__degraded_rhythm.wav,pop,80,100,100,Pop E,degraded_rhythm,70,100
audio_degraded/guitar_47852_E_Maj__degraded_musicality.wav,pop,80,100,100,Pop E,degraded_musicality,100,70
guitar/47853_F#_Maj.mp3,pop,61,100,100,Pop F,,,
audio_degraded/guitar_47853_F__Maj__degraded_rhythm.wav,pop,61,100,100,Pop F,degraded_rhythm,70,100
audio_degraded/guitar_47853_F__Maj__degraded_musicality.wav,pop,61,100,100,Pop F,degraded_musicality,100,70
guitar/47854_F_Maj.mp3,pop,80,100,100,Pop,,,
audio_degraded/guitar_47854_F_Maj__degraded_rhythm.wav,pop,80,100,100,Pop,degraded_rhythm,70,100
audio_degraded/guitar_47854_F_Maj__degraded_musicality.wav,pop,80,100,100,Pop,degraded_musicality,100,70
guitar/47855_G#_Maj.mp3,pop,234,100,100,"Pop G
",,,
audio_degraded/guitar_47855_G__Maj__degraded_rhythm.wav,pop,234,100,100,"Pop G
",degraded_rhythm,70,100
audio_degraded/guitar_47855_G__Maj__degraded_musicality.wav,pop,234,100,100,"Pop G
",degraded_musicality,100,70
guitar/47856_G_Maj.mp3,pop,78,100,100,Pop G,,,
audio_degraded/guitar_47856_G_Maj__degraded_rhythm.wav,pop,78,100,100,Pop G,degraded_rhythm,70,100
audio_degraded/guitar_47856_G_Maj__degraded_musicality.wav,pop,78,100,100,Pop G,degraded_musicality,100,70
guitar/47857_A#_min.mp3,pop,80,100,100,Pop A,,,
audio_degraded/guitar_47857_A__min__degraded_rhythm.wav,pop,80,100,100,Pop A,degraded_rhythm,70,100
audio_degraded/guitar_47857_A__min__degraded_musicality.wav,pop,80,100,100,Pop A,degraded_musicality,100,70
guitar/47858_A_min.mp3,pop,80,100,100,A min,,,
audio_degraded/guitar_47858_A_min__degraded_rhythm.wav,pop,80,100,100,A min,degraded_rhythm,70,100
audio_degraded/guitar_47858_A_min__degraded_musicality.wav,pop,80,100,100,A min,degraded_musicality,100,70
guitar/47859_B_min.mp3,pop,122,100,100,B min,,,
audio_degraded/guitar_47859_B_min__degraded_rhythm.wav,pop,122,100,100,B min,degraded_rhythm,70,100
audio_degraded/guitar_47859_B_min__degraded_musicality.wav,pop,122,100,100,B min,degraded_musicality,100,70
guitar/47860_C#_min.mp3,pop,122,100,100,Pop C min,,,
audio_degraded/guitar_47860_C__min__degraded_rhythm.wav,pop,122,100,100,Pop C min,degraded_rhythm,70,100
audio_degraded/guitar_47860_C__min__degraded_musicality.wav,pop,122,100,100,Pop C min,degraded_musicality,100,70
guitar/47861_C_min.mp3,pop,80,100,100,Pop C min,,,
audio_degraded/guitar_47861_C_min__degraded_rhythm.wav,pop,80,100,100,Pop C min,degraded_rhythm,70,100
audio_degraded/guitar_47861_C_min__degraded_musicality.wav,pop,80,100,100,Pop C min,degraded_musicality,100,70
guitar/47862_D#_min.mp3,pop,80,100,100,Pop D min,,,
audio_degraded/guitar_47862_D__min__degraded_rhythm.wav,pop,80,100,100,Pop D min,degraded_rhythm,70,100
audio_degraded/guitar_47862_D__min__degraded_musicality.wav,pop,80,100,100,Pop D min,degraded_musicality,100,70
guitar/47863_D_min.mp3,pop,80,100,100,Pop D min,,,
audio_degraded/guitar_47863_D_min__degraded_rhythm.wav,pop,80,100,100,Pop D min,degraded_rhythm,70,100
audio_degraded/guitar_47863_D_min__degraded_musicality.wav,pop,80,100,100,Pop D min,degraded_musicality,100,70
guitar/47864_E_min.mp3,pop,80,100,100,Pop E min,,,
audio_degraded/guitar_47864_E_min__degraded_rhythm.wav,pop,80,100,100,Pop E min,degraded_rhythm,70,100
audio_degraded/guitar_47864_E_min__degraded_musicality.wav,pop,80,100,100,Pop E min,degraded_musicality,100,70
guitar/47865_F#_min.mp3,pop,80,100,100,F min,,,
audio_degraded/guitar_47865_F__min__degraded_rhythm.wav,pop,80,100,100,F min,degraded_rhythm,70,100
audio_degraded/guitar_47865_F__min__degraded_musicality.wav,pop,80,100,100,F min,degraded_musicality,100,70
guitar/47866_F_min.mp3,pop,80,100,100,Pop F min,,,
audio_degraded/guitar_47866_F_min__degraded_rhythm.wav,pop,80,100,100,Pop F min,degraded_rhythm,70,100
audio_degraded/guitar_47866_F_min__degraded_musicality.wav,pop,80,100,100,Pop F min,degraded_musicality,100,70
guitar/47867_G#_min.mp3,pop,80,100,100,Pop G min,,,
audio_degraded/guitar_47867_G__min__degraded_rhythm.wav,pop,80,100,100,Pop G min,degraded_rhythm,70,100
audio_degraded/guitar_47867_G__min__degraded_musicality.wav,pop,80,100,100,Pop G min,degraded_musicality,100,70
guitar/47868_G_min.mp3,pop,80,100,100,Pop G min,,,
audio_degraded/guitar_47868_G_min__degraded_rhythm.wav,pop,80,100,100,Pop G min,degraded_rhythm,70,100
audio_degraded/guitar_47868_G_min__degraded_musicality.wav,pop,80,100,100,Pop G min,degraded_musicality,100,70
guitar/490955_gtr_clean_545.mp3,rock,112,90,90,Clean riff,,,
audio_degraded/guitar_490955_gtr_clean_545__degraded_rhythm.wav,rock,112,90,90,Clean riff,degraded_rhythm,63,90
audio_degraded/guitar_490955_gtr_clean_545__degraded_musicality.wav,rock,112,90,90,Clean riff,degraded_musicality,90,63
guitar/500744_Reverse_Clean_Electric_Guitar_Chords.mp3,rock,117,90,90,Yooo,,,
audio_degraded/guitar_500744_Reverse_Clean_Electric_Guitar_Chords__degraded_rhythm.wav,rock,117,90,90,Yooo,degraded_rhythm,63,90
audio_degraded/guitar_500744_Reverse_Clean_Electric_Guitar_Chords__degraded_musicality.wav,rock,117,90,90,Yooo,degraded_musicality,90,63
guitar/500745_Chopped_Electric_Guitar_Riff.mp3,pop,97,40,50,Wtf,,,
audio_degraded/guitar_500745_Chopped_Electric_Guitar_Riff__degraded_rhythm.wav,pop,97,40,50,Wtf,degraded_rhythm,28,50
audio_degraded/guitar_500745_Chopped_Electric_Guitar_Riff__degraded_musicality.wav,pop,97,40,50,Wtf,degraded_musicality,40,35
guitar/52081_guitarloop.mp3,rock,128,90,80,Espacé,,,
audio_degraded/guitar_52081_guitarloop__degraded_rhythm.wav,rock,128,90,80,Espacé,degraded_rhythm,63,80
audio_degraded/guitar_52081_guitarloop__degraded_musicality.wav,rock,128,90,80,Espacé,degraded_musicality,90,56
guitar/52083_minorscale.mp3,rock,165,75,80,Noice riff,,,
audio_degraded/guitar_52083_minorscale__degraded_rhythm.wav,rock,165,75,80,Noice riff,degraded_rhythm,52,80
audio_degraded/guitar_52083_minorscale__degraded_musicality.wav,rock,165,75,80,Noice riff,degraded_musicality,75,56
guitar/527603_B_String_B0.mp3,simple_note,120,100,100,Bas,,,
audio_degraded/guitar_527603_B_String_B0__degraded_rhythm.wav,simple_note,120,100,100,Bas,degraded_rhythm,70,100
audio_degraded/guitar_527603_B_String_B0__degraded_musicality.wav,simple_note,120,100,100,Bas,degraded_musicality,100,70
guitar/545836_Short_electric_guitar_phrase.mp3,rock,126,70,70,Bruh,,,
audio_degraded/guitar_545836_Short_electric_guitar_phrase__degraded_rhythm.wav,rock,126,70,70,Bruh,degraded_rhythm,49,70
audio_degraded/guitar_545836_Short_electric_guitar_phrase__degraded_musicality.wav,rock,126,70,70,Bruh,degraded_musicality,70,49
guitar/550973_clean_guitarr_riff.mp3.mp3,rock,141,90,80,Daymn,,,
audio_degraded/guitar_550973_clean_guitarr_riff.mp3__degraded_rhythm.wav,rock,141,90,80,Daymn,degraded_rhythm,63,80
audio_degraded/guitar_550973_clean_guitarr_riff.mp3__degraded_musicality.wav,rock,141,90,80,Daymn,degraded_musicality,90,56
guitar/550974_clean_guitar_power_chords.mp3.mp3,rock,141,60,70,Power,,,
audio_degraded/guitar_550974_clean_guitar_power_chords.mp3__degraded_rhythm.wav,rock,141,60,70,Power,degraded_rhythm,42,70
audio_degraded/guitar_550974_clean_guitar_power_chords.mp3__degraded_musicality.wav,rock,141,60,70,Power,degraded_musicality,60,49
guitar/557299_8-string_guitar_E1.mp3,rock,140,90,80,Musical,,,
audio_degraded/guitar_557299_8-string_guitar_E1__degraded_rhythm.wav,rock,140,90,80,Musical,degraded_rhythm,63,80
audio_degraded/guitar_557299_8-string_guitar_E1__degraded_musicality.wav,rock,140,90,80,Musical,degraded_musicality,90,56
guitar/562996_Relax_guitar.mp3,pop,60,80,80,Wtf,,,
audio_degraded/guitar_562996_Relax_guitar__degraded_rhythm.wav,pop,60,80,80,Wtf,degraded_rhythm,56,80
audio_degraded/guitar_562996_Relax_guitar__degraded_musicality.wav,pop,60,80,80,Wtf,degraded_musicality,80,56
guitar/576575_guit_scratch.mp3,rock,140,30,30,Wut?,,,
audio_degraded/guitar_576575_guit_scratch__degraded_rhythm.wav,rock,140,30,30,Wut?,degraded_rhythm,21,30
audio_degraded/guitar_576575_guit_scratch__degraded_musicality.wav,rock,140,30,30,Wut?,degraded_musicality,30,21
guitar/60139_Guitar_chord_3.mp3,simple_note,97,100,90,W,,,
audio_degraded/guitar_60139_Guitar_chord_3__degraded_rhythm.wav,simple_note,97,100,90,W,degraded_rhythm,70,90
audio_degraded/guitar_60139_Guitar_chord_3__degraded_musicality.wav,simple_note,97,100,90,W,degraded_musicality,100,63
guitar/616233_42.mp3,simple_note,91,100,100,Clean,,,
audio_degraded/guitar_616233_42__degraded_rhythm.wav,simple_note,91,100,100,Clean,degraded_rhythm,70,100
audio_degraded/guitar_616233_42__degraded_musicality.wav,simple_note,91,100,100,Clean,degraded_musicality,100,70
guitar/616236_47.mp3,simple_note,110,100,100,Clean,,,
audio_degraded/guitar_616236_47__degraded_rhythm.wav,simple_note,110,100,100,Clean,degraded_rhythm,70,100
audio_degraded/guitar_616236_47__degraded_musicality.wav,simple_note,110,100,100,Clean,degraded_musicality,100,70
guitar/616237_46.mp3,simple_note,110,100,100,100,,,
audio_degraded/guitar_616237_46__degraded_rhythm.wav,simple_note,110,100,100,100,degraded_rhythm,70,100
audio_degraded/guitar_616237_46__degraded_musicality.wav,simple_note,110,100,100,100,degraded_musicality,100,70
guitar/616238_45.mp3,simple_note,108,100,100,100,,,
audio_degraded/guitar_616238_45__degraded_rhythm.wav,simple_note,108,100,100,100,degraded_rhythm,70,100
audio_degraded/guitar_616238_45__degraded_musicality.wav,simple_note,108,100,100,100,degraded_musicality,100,70
guitar/616239_44.mp3,simple_note,108,100,100,100,,,
audio_degraded/guitar_616239_44__degraded_rhythm.wav,simple_note,108,100,100,100,degraded_rhythm,70,100
audio_degraded/guitar_616239_44__degraded_musicality.wav,simple_note,108,100,100,100,degraded_musicality,100,70
guitar/616240_49.mp3,simple_note,129,100,100,100,,,
audio_degraded/guitar_616240_49__degraded_rhythm.wav,simple_note,129,100,100,100,degraded_rhythm,70,100
audio_degraded/guitar_616240_49__degraded_musicality.wav,simple_note,129,100,100,100,degraded_musicality,100,70
guitar/616241_48.mp3,simple_note,117,100,100,100,,,
audio_degraded/guitar_616241_48__degraded_rhythm.wav,simple_note,117,100,100,100,degraded_rhythm,70,100
audio_degraded/guitar_616241_48__degraded_musicality.wav,simple_note,117,100,100,100,degraded_musicality,100,70
guitar/616242_82.mp3,simple_note,115,100,100,100,,,
audio_degraded/guitar_616242_82__degraded_rhythm.wav,simple_note,115,100,100,100,degraded_rhythm,70,100
audio_degraded/guitar_616242_82__degraded_musicality.wav,simple_note,115,100,100,100,degraded_musicality,100,70
guitar/616243_80.mp3,simple_note,136,100,100,100,,,
audio_degraded/guitar_616243_80__degraded_rhythm.wav,simple_note,136,100,100,100,degraded_rhythm,70,100
audio_degraded/guitar_616243_80__degraded_musicality.wav,simple_note,136,100,100,100,degraded_musicality,100,70
guitar/616245_68.mp3,simple_note,120,100,100,100,,,
audio_degraded/guitar_616245_68__degraded_rhythm.wav,simple_note,120,100,100,100,degraded_rhythm,70,100
audio_degraded/guitar_616245_68__degraded_musicality.wav,simple_note,120,100,100,100,degraded_musicality,100,70
guitar/616251_63.mp3,simple_note,101,100,100,100,,,
audio_degraded/guitar_616251_63__degraded_rhythm.wav,simple_note,101,100,100,100,degraded_rhythm,70,100
audio_degraded/guitar_616251_63__degraded_musicality.wav,simple_note,101,100,100,100,degraded_musicality,100,70
guitar/616253_61.mp3,simple_note,157,100,100,100,,,
audio_degraded/guitar_616253_61__degraded_rhythm.wav,simple_note,157,100,100,100,degraded_rhythm,70,100
audio_degraded/guitar_616253_61__degraded_musicality.wav,simple_note,157,100,100,100,degraded_musicality,100,70
guitar/616268_58.mp3,simple_note,120,100,100,100,,,
audio_degraded/guitar_616268_58__degraded_rhythm.wav,simple_note,120,100,100,100,degraded_rhythm,70,100
audio_degraded/guitar_616268_58__degraded_musicality.wav,simple_note,120,100,100,100,degraded_musicality,100,70
guitar/616270_78.mp3,simple_note,115,100,100,100,,,
audio_degraded/guitar_616270_78__degraded_rhythm.wav,simple_note,115,100,100,100,degraded_rhythm,70,100
audio_degraded/guitar_616270_78__degraded_musicality.wav,simple_note,115,100,100,100,degraded_musicality,100,70
guitar/632817_Live_acoustic_arpeggio.mp3,pop,122,80,90,WOahhh,,,
audio_degraded/guitar_632817_Live_acoustic_arpeggio__degraded_rhythm.wav,pop,122,80,90,WOahhh,degraded_rhythm,56,90
audio_degraded/guitar_632817_Live_acoustic_arpeggio__degraded_musicality.wav,pop,122,80,90,WOahhh,degraded_musicality,80,63
guitar/641033_Guitar_1.mp3.mp3,jazz,156,70,90,Jazz,,,
audio_degraded/guitar_641033_Guitar_1.mp3__degraded_rhythm.wav,jazz,156,70,90,Jazz,degraded_rhythm,49,90
audio_degraded/guitar_641033_Guitar_1.mp3__degraded_musicality.wav,jazz,156,70,90,Jazz,degraded_musicality,70,63
guitar/683036_Harmonic_a3.mp3,classical,100,100,100,100,,,
audio_degraded/guitar_683036_Harmonic_a3__degraded_rhythm.wav,classical,100,100,100,100,degraded_rhythm,70,100
audio_degraded/guitar_683036_Harmonic_a3__degraded_musicality.wav,classical,100,100,100,100,degraded_musicality,100,70
guitar/683038_Harmonic_b4.mp3,classical,100,100,100,100,,,
audio_degraded/guitar_683038_Harmonic_b4__degraded_rhythm.wav,classical,100,100,100,100,degraded_rhythm,70,100
audio_degraded/guitar_683038_Harmonic_b4__degraded_musicality.wav,classical,100,100,100,100,degraded_musicality,100,70
guitar/683039_Harmonic_d4.mp3,classical,100,100,100,100,,,
audio_degraded/guitar_683039_Harmonic_d4__degraded_rhythm.wav,classical,100,100,100,100,degraded_rhythm,70,100
audio_degraded/guitar_683039_Harmonic_d4__degraded_musicality.wav,classical,100,100,100,100,degraded_musicality,100,70
guitar/683040_Harmonic_e3.mp3,simple_note,120,100,100,100,,,
audio_degraded/guitar_683040_Harmonic_e3__degraded_rhythm.wav,simple_note,120,100,100,100,degraded_rhythm,70,100
audio_degraded/guitar_683040_Harmonic_e3__degraded_musicality.wav,simple_note,120,100,100,100,degraded_musicality,100,70
guitar/683041_Harmonic_f#4.mp3,simple_note,,100,100,100,,,
audio_degraded/guitar_683041_Harmonic_f_4__degraded_rhythm.wav,simple_note,,100,100,100,degraded_rhythm,70,100
audio_degraded/guitar_683041_Harmonic_f_4__degraded_musicality.wav,simple_note,,100,100,100,degraded_musicality,100,70
guitar/697731_guitar_loop_heatwave_129_F#min.mp3,pop,134,80,90,Dayum,,,
audio_degraded/guitar_697731_guitar_loop_heatwave_129_F_min__degraded_rhythm.wav,pop,134,80,90,Dayum,degraded_rhythm,56,90
audio_degraded/guitar_697731_guitar_loop_heatwave_129_F_min__degraded_musicality.wav,pop,134,80,90,Dayum,degraded_musicality,80,63
guitar/78423_cl_funky_b1.mp3,jazz,81,80,100,Funky,,,
audio_degraded/guitar_78423_cl_funky_b1__degraded_rhythm.wav,jazz,81,80,100,Funky,degraded_rhythm,56,100
audio_degraded/guitar_78423_cl_funky_b1__degraded_musicality.wav,jazz,81,80,100,Funky,degraded_musicality,80,70
guitar/78424_cl_min_a1.mp3,jazz,120,70,100,Dayum,,,
audio_degraded/guitar_78424_cl_min_a1__degraded_rhythm.wav,jazz,120,70,100,Dayum,degraded_rhythm,49,100
audio_degraded/guitar_78424_cl_min_a1__degraded_musicality.wav,jazz,120,70,100,Dayum,degraded_musicality,70,70
guitar/78425_cl_min_a2.mp3,jazz,120,80,90,Woahhh,,,
audio_degraded/guitar_78425_cl_min_a2__degraded_rhythm.wav,jazz,120,80,90,Woahhh,degraded_rhythm,56,90
audio_degraded/guitar_78425_cl_min_a2__degraded_musicality.wav,jazz,120,80,90,Woahhh,degraded_musicality,80,63
guitar/78426_cl_min_a3.mp3,jazz,120,80,90,Woahh,,,
audio_degraded/guitar_78426_cl_min_a3__degraded_rhythm.wav,jazz,120,80,90,Woahh,degraded_rhythm,56,90
audio_degraded/guitar_78426_cl_min_a3__degraded_musicality.wav,jazz,120,80,90,Woahh,degraded_musicality,80,63
guitar/792876_7_String_Clean_Guitar_Arp_-_Loopable.mp3,pop,296,80,90,Incrdible,,,
audio_degraded/guitar_792876_7_String_Clean_Guitar_Arp_-_Loopable__degraded_rhythm.wav,pop,296,80,90,Incrdible,degraded_rhythm,56,90
audio_degraded/guitar_792876_7_String_Clean_Guitar_Arp_-_Loopable__degraded_musicality.wav,pop,296,80,90,Incrdible,degraded_musicality,80,63
guitar/800688_Acoustic_Guitar_Oneshot_Slice_57.mp3,electronic,120,100,100,Ok,,,
audio_degraded/guitar_800688_Acoustic_Guitar_Oneshot_Slice_57__degraded_rhythm.wav,electronic,120,100,100,Ok,degraded_rhythm,70,100
audio_degraded/guitar_800688_Acoustic_Guitar_Oneshot_Slice_57__degraded_musicality.wav,electronic,120,100,100,Ok,degraded_musicality,100,70
guitar/800689_Acoustic_Guitar_Oneshot_Slice_58.mp3,simple_note,188,50,90,SLice,,,
audio_degraded/guitar_800689_Acoustic_Guitar_Oneshot_Slice_58__degraded_rhythm.wav,simple_note,188,50,90,SLice,degraded_rhythm,35,90
audio_degraded/guitar_800689_Acoustic_Guitar_Oneshot_Slice_58__degraded_musicality.wav,simple_note,188,50,90,SLice,degraded_musicality,50,63
guitar/800690_Acoustic_Guitar_Oneshot_Slice_59.mp3,simple_note,170,100,100,Noice,,,
audio_degraded/guitar_800690_Acoustic_Guitar_Oneshot_Slice_59__degraded_rhythm.wav,simple_note,170,100,100,Noice,degraded_rhythm,70,100
audio_degraded/guitar_800690_Acoustic_Guitar_Oneshot_Slice_59__degraded_musicality.wav,simple_note,170,100,100,Noice,degraded_musicality,100,70
guitar/800695_Acoustic_Guitar_Oneshot_Slice_64.mp3,pop,165,40,80,Wtf,,,
audio_degraded/guitar_800695_Acoustic_Guitar_Oneshot_Slice_64__degraded_rhythm.wav,pop,165,40,80,Wtf,degraded_rhythm,28,80
audio_degraded/guitar_800695_Acoustic_Guitar_Oneshot_Slice_64__degraded_musicality.wav,pop,165,40,80,Wtf,degraded_musicality,40,56
guitar/800699_Acoustic_Guitar_Oneshot_Slice_68.mp3,jazz,72,60,80,Bossa,,,
audio_degraded/guitar_800699_Acoustic_Guitar_Oneshot_Slice_68__degraded_rhythm.wav,jazz,72,60,80,Bossa,degraded_rhythm,42,80
audio_degraded/guitar_800699_Acoustic_Guitar_Oneshot_Slice_68__degraded_musicality.wav,jazz,72,60,80,Bossa,degraded_musicality,60,56
guitar/811774_Acoustic_Guitar_intro_BPM_106.mp3,jazz,144,70,90,K dude,,,
audio_degraded/guitar_811774_Acoustic_Guitar_intro_BPM_106__degraded_rhythm.wav,jazz,144,70,90,K dude,degraded_rhythm,49,90
audio_degraded/guitar_811774_Acoustic_Guitar_intro_BPM_106__degraded_musicality.wav,jazz,144,70,90,K dude,degraded_musicality,70,63
guitar/8390_Clean_E1st_12th.mp3,simple_note,120,100,100,simple,,,
audio_degraded/guitar_8390_Clean_E1st_12th__degraded_rhythm.wav,simple_note,120,100,100,simple,degraded_rhythm,70,100
audio_degraded/guitar_8390_Clean_E1st_12th__degraded_musicality.wav,simple_note,120,100,100,simple,degraded_musicality,100,70
guitar/8391_Clean_E1st_5th.mp3,simple_note,120,100,100,simple,,,
audio_degraded/guitar_8391_Clean_E1st_5th__degraded_rhythm.wav,simple_note,120,100,100,simple,degraded_rhythm,70,100
audio_degraded/guitar_8391_Clean_E1st_5th__degraded_musicality.wav,simple_note,120,100,100,simple,degraded_musicality,100,70
guitar/8392_Clean_E1st_harm.mp3,simple_note,120,100,100,simple,,,
audio_degraded/guitar_8392_Clean_E1st_harm__degraded_rhythm.wav,simple_note,120,100,100,simple,degraded_rhythm,70,100
audio_degraded/guitar_8392_Clean_E1st_harm__degraded_musicality.wav,simple_note,120,100,100,simple,degraded_musicality,100,70
guitar/8400_Clean_G_harm.mp3,simple_note,120,100,100,simple,,,
audio_degraded/guitar_8400_Clean_G_harm__degraded_rhythm.wav,simple_note,120,100,100,simple,degraded_rhythm,70,100
audio_degraded/guitar_8400_Clean_G_harm__degraded_musicality.wav,simple_note,120,100,100,simple,degraded_musicality,100,70
guitar/8467_CMj7_thin_strs.mp3,simple_note,120,100,100,simple,,,
audio_degraded/guitar_8467_CMj7_thin_strs__degraded_rhythm.wav,simple_note,120,100,100,simple,degraded_rhythm,70,100
audio_degraded/guitar_8467_CMj7_thin_strs__degraded_musicality.wav,simple_note,120,100,100,simple,degraded_musicality,100,70
guitar/8563_D7th_thin_strs.mp3,simple_note,120,100,100,simple,,,
audio_degraded/guitar_8563_D7th_thin_strs__degraded_rhythm.wav,simple_note,120,100,100,simple,degraded_rhythm,70,100
audio_degraded/guitar_8563_D7th_thin_strs__degraded_musicality.wav,simple_note,120,100,100,simple,degraded_musicality,100,70
percussion/455503_Congas_Conga_Open.mp3,simple_note,120,100,100,simple,,,
audio_degraded/percussion_455503_Congas_Conga_Open__degraded_rhythm.wav,simple_note,120,100,100,simple,degraded_rhythm,70,100
audio_degraded/percussion_455503_Congas_Conga_Open__degraded_musicality.wav,simple_note,120,100,100,simple,degraded_musicality,100,70
percussion/455509_LP_Congas_Quinto_Muted_Slap.mp3,simple_note,120,100,100,simple,,,
audio_degraded/percussion_455509_LP_Congas_Quinto_Muted_Slap__degraded_rhythm.wav,simple_note,120,100,100,simple,degraded_rhythm,70,100
audio_degraded/percussion_455509_LP_Congas_Quinto_Muted_Slap__degraded_musicality.wav,simple_note,120,100,100,simple,degraded_musicality,100,70
percussion/610353_bongo_martillo_120bpm_repique1.flac.mp3,latino,117,50,50,Not tuned,,,
audio_degraded/percussion_610353_bongo_martillo_120bpm_repique1.flac__degraded_rhythm.wav,latino,117,50,50,Not tuned,degraded_rhythm,35,50
audio_degraded/percussion_610353_bongo_martillo_120bpm_repique1.flac__degraded_musicality.wav,latino,117,50,50,Not tuned,degraded_musicality,50,35
percussion/610354_120bpm_tumbao_on_bongos_3.flac.mp3,latino,120,100,100,Noice,,,
audio_degraded/percussion_610354_120bpm_tumbao_on_bongos_3.flac__degraded_rhythm.wav,latino,120,100,100,Noice,degraded_rhythm,70,100
audio_degraded/percussion_610354_120bpm_tumbao_on_bongos_3.flac__degraded_musicality.wav,latino,120,100,100,Noice,degraded_musicality,100,70
percussion/620242_bongo_manoteo_lowdrum.flac.mp3,latino,84,70,90,Ca passe,,,
audio_degraded/percussion_620242_bongo_manoteo_lowdrum.flac__degraded_rhythm.wav,latino,84,70,90,Ca passe,degraded_rhythm,49,90
audio_degraded/percussion_620242_bongo_manoteo_lowdrum.flac__degraded_musicality.wav,latino,84,70,90,Ca passe,degraded_musicality,70,63
percussion/620243_bongo_lefthand_fingerroll_lowdrum.flac.mp3,latino,122,90,90,Drums,,,
audio_degraded/percussion_620243_bongo_lefthand_fingerroll_lowdrum.flac__degraded_rhythm.wav,latino,122,90,90,Drums,degraded_rhythm,63,90
audio_degraded/percussion_620243_bongo_lefthand_fingerroll_lowdrum.flac__degraded_musicality.wav,latino,122,90,90,Drums,degraded_musicality,90,63
percussion/620244_bongo_lefthand_fingerroll_highdrum.flac.mp3,latino,122,40,50,Wtf,,,
audio_degraded/percussion_620244_bongo_lefthand_fingerroll_highdrum.flac__degraded_rhythm.wav,latino,122,40,50,Wtf,degraded_rhythm,28,50
audio_degraded/percussion_620244_bongo_lefthand_fingerroll_highdrum.flac__degraded_musicality.wav,latino,122,40,50,Wtf,degraded_musicality,40,35
percussion/620246_bongo_opentones_lowdrum.flac.mp3,latino,58,70,80,Ok,,,
audio_degraded/percussion_620246_bongo_opentones_lowdrum.flac__degraded_rhythm.wav,latino,58,70,80,Ok,degraded_rhythm,49,80
audio_degraded/percussion_620246_bongo_opentones_lowdrum.flac__degraded_musicality.wav,latino,58,70,80,Ok,degraded_musicality,70,56
percussion/620247_bongo_opentones_highdrum.flac.mp3,latino,54,60,70,Essai,,,
audio_degraded/percussion_620247_bongo_opentones_highdrum.flac__degraded_rhythm.wav,latino,54,60,70,Essai,degraded_rhythm,42,70
audio_degraded/percussion_620247_bongo_opentones_highdrum.flac__degraded_musicality.wav,latino,54,60,70,Essai,degraded_musicality,60,49
percussion/620248_bongo_martillo_individual_hits_3fingers.flac.mp3,latino,102,50,50,Basique,,,
audio_degraded/percussion_620248_bongo_martillo_individual_hits_3fingers.flac__degraded_rhythm.wav,latino,102,50,50,Basique,degraded_rhythm,35,50
audio_degraded/percussion_620248_bongo_martillo_individual_hits_3fingers.flac__degraded_musicality.wav,latino,102,50,50,Basique,degraded_musicality,50,35
percussion/738113_snare_congas_bongos_doumbek_cowbells-3.mp3,electronic,120,100,60,IA,,,
audio_degraded/percussion_738113_snare_congas_bongos_doumbek_cowbells-3__degraded_rhythm.wav,electronic,120,100,60,IA,degraded_rhythm,70,60
audio_degraded/percussion_738113_snare_congas_bongos_doumbek_cowbells-3__degraded_musicality.wav,electronic,120,100,60,IA,degraded_musicality,100,42
percussion/738114_snare_congas_bongos_doumbek_cowbells-4.mp3,electronic,120,100,60,IA,,,
audio_degraded/percussion_738114_snare_congas_bongos_doumbek_cowbells-4__degraded_rhythm.wav,electronic,120,100,60,IA,degraded_rhythm,70,60
audio_degraded/percussion_738114_snare_congas_bongos_doumbek_cowbells-4__degraded_musicality.wav,electronic,120,100,60,IA,degraded_musicality,100,42
percussion/738115_snare_congas_bongos_doumbek_cowbells-5.mp3,electronic,120,100,60,IA,,,
audio_degraded/percussion_738115_snare_congas_bongos_doumbek_cowbells-5__degraded_rhythm.wav,electronic,120,100,60,IA,degraded_rhythm,70,60
audio_degraded/percussion_738115_snare_congas_bongos_doumbek_cowbells-5__degraded_musicality.wav,electronic,120,100,60,IA,degraded_musicality,100,42
piano/528006_A#_-_Piano_Chord.mp3,simple_note,120,100,100,Piano,,,
audio_degraded/piano_528006_A__-_Piano_Chord__degraded_rhythm.wav,simple_note,120,100,100,Piano,degraded_rhythm,70,100
audio_degraded/piano_528006_A__-_Piano_Chord__degraded_musicality.wav,simple_note,120,100,100,Piano,degraded_musicality,100,70
piano/528009_Bm_-_Piano_Chord.mp3,simple_note,120,100,100,Piano,,,
audio_degraded/piano_528009_Bm_-_Piano_Chord__degraded_rhythm.wav,simple_note,120,100,100,Piano,degraded_rhythm,70,100
audio_degraded/piano_528009_Bm_-_Piano_Chord__degraded_musicality.wav,simple_note,120,100,100,Piano,degraded_musicality,100,70
piano/528014_Gm_-_Piano_Chord.mp3,simple_note,120,100,100,Piano,,,
audio_degraded/piano_528014_Gm_-_Piano_Chord__degraded_rhythm.wav,simple_note,120,100,100,Piano,degraded_rhythm,70,100
audio_degraded/piano_528014_Gm_-_Piano_Chord__degraded_musicality.wav,simple_note,120,100,100,Piano,degraded_musicality,100,70
piano/528015_G#_-_Piano_Chord.mp3,simple_note,120,100,100,Piano,,,
audio_degraded/piano_528015_G__-_Piano_Chord__degraded_rhythm.wav,simple_note,120,100,100,Piano,degraded_rhythm,70,100
audio_degraded/piano_528015_G__-_Piano_Chord__degraded_musicality.wav,simple_note,120,100,100,Piano,degraded_musicality,100,70
piano/528017_Dm_-_Piano_Chord.mp3,simple_note,120,100,100,Piano,,,
audio_degraded/piano_528017_Dm_-_Piano_Chord__degraded_rhythm.wav,simple_note,120,100,100,Piano,degraded_rhythm,70,100
audio_degraded/piano_528017_Dm_-_Piano_Chord__degraded_musicality.wav,simple_note,120,100,100,Piano,degraded_musicality,100,70
piano/665802_Piano_in_11_8_100.mp3,classical,123,70,90,Ouahh,,,
audio_degraded/piano_665802_Piano_in_11_8_100__degraded_rhythm.wav,classical,123,70,90,Ouahh,degraded_rhythm,49,90
audio_degraded/piano_665802_Piano_in_11_8_100__degraded_musicality.wav,classical,123,70,90,Ouahh,degraded_musicality,70,63
piano/665803_Piano_in_11_8_099.mp3,classical,123,70,90,Ouahh,,,
audio_degraded/piano_665803_Piano_in_11_8_099__degraded_rhythm.wav,classical,123,70,90,Ouahh,degraded_rhythm,49,90
audio_degraded/piano_665803_Piano_in_11_8_099__degraded_musicality.wav,classical,123,70,90,Ouahh,degraded_musicality,70,63
piano/665804_Piano_in_11_8_412.mp3,simple_note,23,100,100,Simple,,,
audio_degraded/piano_665804_Piano_in_11_8_412__degraded_rhythm.wav,simple_note,23,100,100,Simple,degraded_rhythm,70,100
audio_degraded/piano_665804_Piano_in_11_8_412__degraded_musicality.wav,simple_note,23,100,100,Simple,degraded_musicality,100,70
piano/665805_Piano_in_11_8_411.mp3,simple_note,23,100,100,Simple,,,
audio_degraded/piano_665805_Piano_in_11_8_411__degraded_rhythm.wav,simple_note,23,100,100,Simple,degraded_rhythm,70,100
audio_degraded/piano_665805_Piano_in_11_8_411__degraded_musicality.wav,simple_note,23,100,100,Simple,degraded_musicality,100,70
piano/665806_Piano_in_11_8_410.mp3,simple_note,23,100,100,Simple,,,
audio_degraded/piano_665806_Piano_in_11_8_410__degraded_rhythm.wav,simple_note,23,100,100,Simple,degraded_rhythm,70,100
audio_degraded/piano_665806_Piano_in_11_8_410__degraded_musicality.wav,simple_note,23,100,100,Simple,degraded_musicality,100,70
piano/665807_Piano_in_11_8_409.mp3,simple_note,23,100,100,Simple,,,
audio_degraded/piano_665807_Piano_in_11_8_409__degraded_rhythm.wav,simple_note,23,100,100,Simple,degraded_rhythm,70,100
audio_degraded/piano_665807_Piano_in_11_8_409__degraded_musicality.wav,simple_note,23,100,100,Simple,degraded_musicality,100,70
piano/665808_Piano_in_11_8_408.mp3,simple_note,23,100,100,Simple,,,
audio_degraded/piano_665808_Piano_in_11_8_408__degraded_rhythm.wav,simple_note,23,100,100,Simple,degraded_rhythm,70,100
audio_degraded/piano_665808_Piano_in_11_8_408__degraded_musicality.wav,simple_note,23,100,100,Simple,degraded_musicality,100,70
piano/665809_Piano_in_11_8_407.mp3,simple_note,23,100,100,Simple,,,
audio_degraded/piano_665809_Piano_in_11_8_407__degraded_rhythm.wav,simple_note,23,100,100,Simple,degraded_rhythm,70,100
audio_degraded/piano_665809_Piano_in_11_8_407__degraded_musicality.wav,simple_note,23,100,100,Simple,degraded_musicality,100,70
piano/665810_Piano_in_11_8_273.mp3,simple_note,23,100,100,Simple,,,
audio_degraded/piano_665810_Piano_in_11_8_273__degraded_rhythm.wav,simple_note,23,100,100,Simple,degraded_rhythm,70,100
audio_degraded/piano_665810_Piano_in_11_8_273__degraded_musicality.wav,simple_note,23,100,100,Simple,degraded_musicality,100,70
piano/665811_Piano_in_11_8_274.mp3,simple_note,23,100,100,Simple,,,
audio_degraded/piano_665811_Piano_in_11_8_274__degraded_rhythm.wav,simple_note,23,100,100,Simple,degraded_rhythm,70,100
audio_degraded/piano_665811_Piano_in_11_8_274__degraded_musicality.wav,simple_note,23,100,100,Simple,degraded_musicality,100,70
sfx/317751_SFX_Explosion_08.mp3,ambient,68,0,0,Game,,,
audio_degraded/sfx_317751_SFX_Explosion_08__degraded_rhythm.wav,ambient,68,0,0,Game,degraded_rhythm,0,0
audio_degraded/sfx_317751_SFX_Explosion_08__degraded_musicality.wav,ambient,68,0,0,Game,degraded_musicality,0,0
sfx/317757_SFX_Explosion_12.mp3,ambient,103,0,0,Yes,,,
audio_degraded/sfx_317757_SFX_Explosion_12__degraded_rhythm.wav,ambient,103,0,0,Yes,degraded_rhythm,0,0
audio_degraded/sfx_317757_SFX_Explosion_12__degraded_musicality.wav,ambient,103,0,0,Yes,degraded_musicality,0,0
sfx/317758_SFX_Explosion_19.mp3,ambient,120,0,0,Ambient,,,
audio_degraded/sfx_317758_SFX_Explosion_19__degraded_rhythm.wav,ambient,120,0,0,Ambient,degraded_rhythm,0,0
audio_degraded/sfx_317758_SFX_Explosion_19__degraded_musicality.wav,ambient,120,0,0,Ambient,degraded_musicality,0,0
sfx/317759_SFX_Explosion_11.mp3,ambient,117,0,0,Ambient,,,
audio_degraded/sfx_317759_SFX_Explosion_11__degraded_rhythm.wav,ambient,117,0,0,Ambient,degraded_rhythm,0,0
audio_degraded/sfx_317759_SFX_Explosion_11__degraded_musicality.wav,ambient,117,0,0,Ambient,degraded_musicality,0,0
sfx/317762_SFX_Explosion_18.mp3,ambient,126,0,0,Ambient,,,
audio_degraded/sfx_317762_SFX_Explosion_18__degraded_rhythm.wav,ambient,126,0,0,Ambient,degraded_rhythm,0,0
audio_degraded/sfx_317762_SFX_Explosion_18__degraded_musicality.wav,ambient,126,0,0,Ambient,degraded_musicality,0,0
sfx/317764_SFX_Explosion_16.mp3,ambient,126,0,0,Ambient,,,
audio_degraded/sfx_317764_SFX_Explosion_16__degraded_rhythm.wav,ambient,126,0,0,Ambient,degraded_rhythm,0,0
audio_degraded/sfx_317764_SFX_Explosion_16__degraded_musicality.wav,ambient,126,0,0,Ambient,degraded_musicality,0,0
sfx/322488_Explosion_8.mp3,ambient,120,100,100,Bizarre,,,
audio_degraded/sfx_322488_Explosion_8__degraded_rhythm.wav,ambient,120,100,100,Bizarre,degraded_rhythm,70,100
audio_degraded/sfx_322488_Explosion_8__degraded_musicality.wav,ambient,120,100,100,Bizarre,degraded_musicality,100,70
sfx/322494_Explosion_12.mp3,ambient,120,100,100,Bizarre,,,
audio_degraded/sfx_322494_Explosion_12__degraded_rhythm.wav,ambient,120,100,100,Bizarre,degraded_rhythm,70,100
audio_degraded/sfx_322494_Explosion_12__degraded_musicality.wav,ambient,120,100,100,Bizarre,degraded_musicality,100,70
sfx/322499_Explosion_14a.mp3,ambient,120,100,100,Bizarre,,,
audio_degraded/sfx_322499_Explosion_14a__degraded_rhythm.wav,ambient,120,100,100,Bizarre,degraded_rhythm,70,100
audio_degraded/sfx_322499_Explosion_14a__degraded_musicality.wav,ambient,120,100,100,Bizarre,degraded_musicality,100,70
sfx/322500_Explosion_14b.mp3,ambient,120,100,100,Bizarre,,,
audio_degraded/sfx_322500_Explosion_14b__degraded_rhythm.wav,ambient,120,100,100,Bizarre,degraded_rhythm,70,100
audio_degraded/sfx_322500_Explosion_14b__degraded_musicality.wav,ambient,120,100,100,Bizarre,degraded_musicality,100,70
sfx/629349_2770_1-FP-SWOOSH-SW-TMc_78_F#4.aif.mp3,ambient,120,100,100,Bizarre,,,
audio_degraded/sfx_629349_2770_1-FP-SWOOSH-SW-TMc_78_F_4.aif__degraded_rhythm.wav,ambient,120,100,100,Bizarre,degraded_rhythm,70,100
audio_degraded/sfx_629349_2770_1-FP-SWOOSH-SW-TMc_78_F_4.aif__degraded_musicality.wav,ambient,120,100,100,Bizarre,degraded_musicality,100,70
sfx/629351_2770_1-FP-SWOOSH-SW-TMc_72_C4.aif.mp3,ambient,120,100,100,Bizarre,,,
audio_degraded/sfx_629351_2770_1-FP-SWOOSH-SW-TMc_72_C4.aif__degraded_rhythm.wav,ambient,120,100,100,Bizarre,degraded_rhythm,70,100
audio_degraded/sfx_629351_2770_1-FP-SWOOSH-SW-TMc_72_C4.aif__degraded_musicality.wav,ambient,120,100,100,Bizarre,degraded_musicality,100,70
sfx/629352_2770_1-FP-SWOOSH-SW-TMc_69_A3.aif.mp3,ambient,120,100,100,Bizarre,,,
audio_degraded/sfx_629352_2770_1-FP-SWOOSH-SW-TMc_69_A3.aif__degraded_rhythm.wav,ambient,120,100,100,Bizarre,degraded_rhythm,70,100
audio_degraded/sfx_629352_2770_1-FP-SWOOSH-SW-TMc_69_A3.aif__degraded_musicality.wav,ambient,120,100,100,Bizarre,degraded_musicality,100,70
sfx/629353_2770_1-FP-SWOOSH-SW-TMc_90_F#5.aif.mp3,ambient,120,100,100,Bizarre,,,
audio_degraded/sfx_629353_2770_1-FP-SWOOSH-SW-TMc_90_F_5.aif__degraded_rhythm.wav,ambient,120,100,100,Bizarre,degraded_rhythm,70,100
audio_degraded/sfx_629353_2770_1-FP-SWOOSH-SW-TMc_90_F_5.aif__degraded_musicality.wav,ambient,120,100,100,Bizarre,degraded_musicality,100,70
sfx/629354_2770_1-FP-SWOOSH-SW-TMc_87_D#5.aif.mp3,ambient,120,100,100,Bizarre,,,
audio_degraded/sfx_629354_2770_1-FP-SWOOSH-SW-TMc_87_D_5.aif__degraded_rhythm.wav,ambient,120,100,100,Bizarre,degraded_rhythm,70,100
audio_degraded/sfx_629354_2770_1-FP-SWOOSH-SW-TMc_87_D_5.aif__degraded_musicality.wav,ambient,120,100,100,Bizarre,degraded_musicality,100,70
synth/208498_Analog_Synth_01_E.mp3,ambient,120,100,100,Bizarre,,,
audio_degraded/synth_208498_Analog_Synth_01_E__degraded_rhythm.wav,ambient,120,100,100,Bizarre,degraded_rhythm,70,100
audio_degraded/synth_208498_Analog_Synth_01_E__degraded_musicality.wav,ambient,120,100,100,Bizarre,degraded_musicality,100,70
synth/208499_Analog_Synth_01_G#.mp3,ambient,120,100,100,Bizarre,,,
audio_degraded/synth_208499_Analog_Synth_01_G___degraded_rhythm.wav,ambient,120,100,100,Bizarre,degraded_rhythm,70,100
audio_degraded/synth_208499_Analog_Synth_01_G___degraded_musicality.wav,ambient,120,100,100,Bizarre,degraded_musicality,100,70
synth/208500_Analog_Synth_01_F.mp3,ambient,120,100,100,Bizarre,,,
audio_degraded/synth_208500_Analog_Synth_01_F__degraded_rhythm.wav,ambient,120,100,100,Bizarre,degraded_rhythm,70,100
audio_degraded/synth_208500_Analog_Synth_01_F__degraded_musicality.wav,ambient,120,100,100,Bizarre,degraded_musicality,100,70
synth/208501_Analog_Synth_01_G.mp3,ambient,120,100,100,Bizarre,,,
audio_degraded/synth_208501_Analog_Synth_01_G__degraded_rhythm.wav,ambient,120,100,100,Bizarre,degraded_rhythm,70,100
audio_degraded/synth_208501_Analog_Synth_01_G__degraded_musicality.wav,ambient,120,100,100,Bizarre,degraded_musicality,100,70
synth/661106_Synth_Bass_Loop_33.mp3,electronic,129,100,100,Ouahhh,,,
audio_degraded/synth_661106_Synth_Bass_Loop_33__degraded_rhythm.wav,electronic,129,100,100,Ouahhh,degraded_rhythm,70,100
audio_degraded/synth_661106_Synth_Bass_Loop_33__degraded_musicality.wav,electronic,129,100,100,Ouahhh,degraded_musicality,100,70
synth/661107_Synth_Bass_Loop_4.mp3,electronic,129,100,100,Ouahhh,,,
audio_degraded/synth_661107_Synth_Bass_Loop_4__degraded_rhythm.wav,electronic,129,100,100,Ouahhh,degraded_rhythm,70,100
audio_degraded/synth_661107_Synth_Bass_Loop_4__degraded_musicality.wav,electronic,129,100,100,Ouahhh,degraded_musicality,100,70
synth/661108_Synth_Bass_Loop_31.mp3,electronic,129,100,100,Ouahhh,,,
audio_degraded/synth_661108_Synth_Bass_Loop_31__degraded_rhythm.wav,electronic,129,100,100,Ouahhh,degraded_rhythm,70,100
audio_degraded/synth_661108_Synth_Bass_Loop_31__degraded_musicality.wav,electronic,129,100,100,Ouahhh,degraded_musicality,100,70
synth/661109_Synth_Bass_Loop_32.mp3,electronic,129,100,100,Ouahhh,,,
audio_degraded/synth_661109_Synth_Bass_Loop_32__degraded_rhythm.wav,electronic,129,100,100,Ouahhh,degraded_rhythm,70,100
audio_degraded/synth_661109_Synth_Bass_Loop_32__degraded_musicality.wav,electronic,129,100,100,Ouahhh,degraded_musicality,100,70
synth/661110_Synth_Bass_Loop_21.mp3,electronic,129,100,100,Ouahhh,,,
audio_degraded/synth_661110_Synth_Bass_Loop_21__degraded_rhythm.wav,electronic,129,100,100,Ouahhh,degraded_rhythm,70,100
audio_degraded/synth_661110_Synth_Bass_Loop_21__degraded_musicality.wav,electronic,129,100,100,Ouahhh,degraded_musicality,100,70
synth/661111_Synth_Bass_Loop_20.mp3,electronic,129,100,100,Ouahhh,,,
audio_degraded/synth_661111_Synth_Bass_Loop_20__degraded_rhythm.wav,electronic,129,100,100,Ouahhh,degraded_rhythm,70,100
audio_degraded/synth_661111_Synth_Bass_Loop_20__degraded_musicality.wav,electronic,129,100,100,Ouahhh,degraded_musicality,100,70
synth/661112_Synth_Bass_Loop_11.mp3,electronic,129,100,100,Ouahhh,,,
audio_degraded/synth_661112_Synth_Bass_Loop_11__degraded_rhythm.wav,electronic,129,100,100,Ouahhh,degraded_rhythm,70,100
audio_degraded/synth_661112_Synth_Bass_Loop_11__degraded_musicality.wav,electronic,129,100,100,Ouahhh,degraded_musicality,100,70
synth/661113_Synth_Bass_Loop_19.mp3,electronic,129,100,100,Ouahhh,,,
audio_degraded/synth_661113_Synth_Bass_Loop_19__degraded_rhythm.wav,electronic,129,100,100,Ouahhh,degraded_rhythm,70,100
audio_degraded/synth_661113_Synth_Bass_Loop_19__degraded_musicality.wav,electronic,129,100,100,Ouahhh,degraded_musicality,100,70
synth/661114_Synth_Bass_Loop_25.mp3,electronic,129,100,100,Ouahhh,,,
audio_degraded/synth_661114_Synth_Bass_Loop_25__degraded_rhythm.wav,electronic,129,100,100,Ouahhh,degraded_rhythm,70,100
audio_degraded/synth_661114_Synth_Bass_Loop_25__degraded_musicality.wav,electronic,129,100,100,Ouahhh,degraded_musicality,100,70
synth/661115_Synth_Bass_Loop_24.mp3,electronic,129,100,100,Ouahhh,,,
audio_degraded/synth_661115_Synth_Bass_Loop_24__degraded_rhythm.wav,electronic,129,100,100,Ouahhh,degraded_rhythm,70,100
audio_degraded/synth_661115_Synth_Bass_Loop_24__degraded_musicality.wav,electronic,129,100,100,Ouahhh,degraded_musicality,100,70
synth/808644_EA-1_Analog_Modeler_Synth_8.mp3,ambient,136,100,0,Wesh,,,
audio_degraded/synth_808644_EA-1_Analog_Modeler_Synth_8__degraded_rhythm.wav,ambient,136,100,0,Wesh,degraded_rhythm,70,0
audio_degraded/synth_808644_EA-1_Analog_Modeler_Synth_8__degraded_musicality.wav,ambient,136,100,0,Wesh,degraded_musicality,100,0
voice/245322_Vocal_Percussion_BadDJ_Scratch.mp3,reggea,176,60,60,Bad,,,
audio_degraded/voice_245322_Vocal_Percussion_BadDJ_Scratch__degraded_rhythm.wav,reggea,176,60,60,Bad,degraded_rhythm,42,60
audio_degraded/voice_245322_Vocal_Percussion_BadDJ_Scratch__degraded_musicality.wav,reggea,176,60,60,Bad,degraded_musicality,60,42
voice/254275_Airy_vocal_cough.mp3,voice,312,0,0,Yes,,,
audio_degraded/voice_254275_Airy_vocal_cough__degraded_rhythm.wav,voice,312,0,0,Yes,degraded_rhythm,0,0
audio_degraded/voice_254275_Airy_vocal_cough__degraded_musicality.wav,voice,312,0,0,Yes,degraded_musicality,0,0
voice/254284_Vocal_Aaahh_Male_Voice.mp3,voice,312,0,0,Ahhh,,,
audio_degraded/voice_254284_Vocal_Aaahh_Male_Voice__degraded_rhythm.wav,voice,312,0,0,Ahhh,degraded_rhythm,0,0
audio_degraded/voice_254284_Vocal_Aaahh_Male_Voice__degraded_musicality.wav,voice,312,0,0,Ahhh,degraded_musicality,0,0
voice/254330_Male_vocal_breathy_aahhh.mp3,voice,156,0,0,Ahhh,,,
audio_degraded/voice_254330_Male_vocal_breathy_aahhh__degraded_rhythm.wav,voice,156,0,0,Ahhh,degraded_rhythm,0,0
audio_degraded/voice_254330_Male_vocal_breathy_aahhh__degraded_musicality.wav,voice,156,0,0,Ahhh,degraded_musicality,0,0
voice/316458_Human_Evil_14.mp3,voice,57,0,0,Voice,,,
audio_degraded/voice_316458_Human_Evil_14__degraded_rhythm.wav,voice,57,0,0,Voice,degraded_rhythm,0,0
audio_degraded/voice_316458_Human_Evil_14__degraded_musicality.wav,voice,57,0,0,Voice,degraded_musicality,0,0
voice/316459_Human_Good_20.mp3,voice,312,0,0,Huahh,,,
audio_degraded/voice_316459_Human_Good_20__degraded_rhythm.wav,voice,312,0,0,Huahh,degraded_rhythm,0,0
audio_degraded/voice_316459_Human_Good_20__degraded_musicality.wav,voice,312,0,0,Huahh,degraded_musicality,0,0
voice/316460_Human_Good_19.mp3,voice,312,0,0,Huahh,,,
audio_degraded/voice_316460_Human_Good_19__degraded_rhythm.wav,voice,312,0,0,Huahh,degraded_rhythm,0,0
audio_degraded/voice_316460_Human_Good_19__degraded_musicality.wav,voice,312,0,0,Huahh,degraded_musicality,0,0
voice/316463_Human_Good_14.mp3,voice,312,0,0,Huahh,,,
audio_degraded/voice_316463_Human_Good_14__degraded_rhythm.wav,voice,312,0,0,Huahh,degraded_rhythm,0,0
audio_degraded/voice_316463_Human_Good_14__degraded_musicality.wav,voice,312,0,0,Huahh,degraded_musicality,0,0
voice/316464_Human_Good_13.mp3,voice,312,0,0,Huahh,,,
audio_degraded/voice_316464_Human_Good_13__degraded_rhythm.wav,voice,312,0,0,Huahh,degraded_rhythm,0,0
audio_degraded/voice_316464_Human_Good_13__degraded_musicality.wav,voice,312,0,0,Huahh,degraded_musicality,0,0
voice/371760_elevator_music_vocal_Manly.ogg.mp3,voice,312,0,0,Huahh,,,
audio_degraded/voice_371760_elevator_music_vocal_Manly.ogg__degraded_rhythm.wav,voice,312,0,0,Huahh,degraded_rhythm,0,0
audio_degraded/voice_371760_elevator_music_vocal_Manly.ogg__degraded_musicality.wav,voice,312,0,0,Huahh,degraded_musicality,0,0
voice/461943_Evan's_Vocal_Squeak_and_Pop.mp3.mp3,voice,312,0,50,Huahh,,,
audio_degraded/voice_461943_Evan_s_Vocal_Squeak_and_Pop.mp3__degraded_rhythm.wav,voice,312,0,50,Huahh,degraded_rhythm,0,50
audio_degraded/voice_461943_Evan_s_Vocal_Squeak_and_Pop.mp3__degraded_musicality.wav,voice,312,0,50,Huahh,degraded_musicality,0,35
voice/507398_VocalTraining_4_(I_Will_Have_To_Listen_To_Them).mp3.mp3,voice,161,80,0,Monotone,,,
audio_degraded/voice_507398_VocalTraining_4__I_Will_Have_To_Listen_To_Them_.mp3__degraded_rhythm.wav,voice,161,80,0,Monotone,degraded_rhythm,56,0
audio_degraded/voice_507398_VocalTraining_4__I_Will_Have_To_Listen_To_Them_.mp3__degraded_musicality.wav,voice,161,80,0,Monotone,degraded_musicality,80,0
voice/507399_VocalTraining_3_(Nobody_likes_the_sound_of_their_own_voice).mp3.mp3,voice,161,80,0,Monotone,,,
audio_degraded/voice_507399_VocalTraining_3__Nobody_likes_the_sound_of_their_own_voice_.mp3__degraded_rhythm.wav,voice,161,80,0,Monotone,degraded_rhythm,56,0
audio_degraded/voice_507399_VocalTraining_3__Nobody_likes_the_sound_of_their_own_voice_.mp3__degraded_musicality.wav,voice,161,80,0,Monotone,degraded_musicality,80,0
voice/507400_VocalTraining_2_(Still_getting_used_to_the_sound_of_my_own_voice).mp3.mp3,voice,161,80,0,Monotone,,,
audio_degraded/voice_507400_VocalTraining_2__Still_getting_used_to_the_sound_of_my_own_voice_.mp3__degraded_rhythm.wav,voice,161,80,0,Monotone,degraded_rhythm,56,0
audio_degraded/voice_507400_VocalTraining_2__Still_getting_used_to_the_sound_of_my_own_voice_.mp3__degraded_musicality.wav,voice,161,80,0,Monotone,degraded_musicality,80,0
voice/507402_VocalTraining_0_(Get_Used_To_Own_Voice_Echo.mp3.mp3,voice,161,80,0,Monotone,,,
audio_degraded/voice_507402_VocalTraining_0__Get_Used_To_Own_Voice_Echo.mp3__degraded_rhythm.wav,voice,161,80,0,Monotone,degraded_rhythm,56,0
audio_degraded/voice_507402_VocalTraining_0__Get_Used_To_Own_Voice_Echo.mp3__degraded_musicality.wav,voice,161,80,0,Monotone,degraded_musicality,80,0
